{
  "bert_acc": 0.8596819457436857,
  "kg_acc": 0.520112254443405,
  "soft_voting_best": {
    "acc": 0.8606173994387278,
    "w_bert": 0.6,
    "w_kg": 0.4
  }
}