{
  "summary": {
    "MolDeBERTa": {
      "threshold": 0.6199999999999998,
      "accuracy": 0.9354536950420954,
      "f1_macro": 0.9353720307329165,
      "mcc": 0.8707850883799164,
      "roc_auc": 0.9734896293491523
    },
    "Pipeline_MolDeBERTa_plus_KG": {
      "threshold": 0.45999999999999985,
      "accuracy": 0.9335827876520112,
      "f1_macro": 0.93353043846843,
      "mcc": 0.8673374527448551,
      "roc_auc": 0.9697540213443281
    },
    "meta_learner_coef": [
      [
        5.882931392094868,
        1.184895562824542
      ]
    ],
    "meta_learner_intercept": [
      -3.677703613933906
    ],
    "MolFormer": {
      "threshold": 0.4199999999999998,
      "accuracy": 0.8559401309635173,
      "f1_macro": 0.8558340339078043,
      "mcc": 0.7119620902937817,
      "roc_auc": 0.9194258628185171
    }
  },
  "by_bin": [
    {
      "bin": "Very Low",
      "n_samples": 69,
      "auc_moldeberta": 0.702020202020202,
      "auc_moldeberta_plus_kg": 0.787878787878788,
      "auc_molformer": 0.5353535353535352
    },
    {
      "bin": "Low",
      "n_samples": 243,
      "auc_moldeberta": 0.9419443949385137,
      "auc_moldeberta_plus_kg": 0.9339689894849402,
      "auc_molformer": 0.9017109249688112
    },
    {
      "bin": "Medium",
      "n_samples": 465,
      "auc_moldeberta": 0.9659576047815273,
      "auc_moldeberta_plus_kg": 0.9597579537439209,
      "auc_molformer": 0.903868285258195
    },
    {
      "bin": "High",
      "n_samples": 292,
      "auc_moldeberta": 0.9912816281628163,
      "auc_moldeberta_plus_kg": 0.9857535753575357,
      "auc_molformer": 0.9455445544554455
    }
  ]
}