model,threshold,accuracy,f1_macro,mcc,roc_auc
MolDeBERTa,0.5099999999999998,0.9354536950420954,0.9353339557881725,0.870682697261657,0.9743030137293676
Pipeline_MolDeBERTa_plus_KG,0.3899999999999999,0.9485500467726847,0.9485147249025156,0.8974035318498708,0.9795146339069094
