model,threshold,accuracy,f1_macro,mcc,roc_auc
MolDeBERTa,0.6199999999999998,0.9354536950420954,0.9353720307329165,0.8707850883799164,0.9734896293491523
Pipeline_MolDeBERTa_plus_KG,0.45999999999999985,0.9335827876520112,0.93353043846843,0.8673374527448551,0.9697540213443281
