{
  "summary": {
    "MolDeBERTa": {
      "threshold": 0.5099999999999998,
      "accuracy": 0.9354536950420954,
      "f1_macro": 0.9353339557881725,
      "mcc": 0.870682697261657,
      "roc_auc": 0.9743030137293676
    },
    "Pipeline_MolDeBERTa_plus_KG": {
      "threshold": 0.3899999999999999,
      "accuracy": 0.9485500467726847,
      "f1_macro": 0.9485147249025156,
      "mcc": 0.8974035318498708,
      "roc_auc": 0.9795146339069094
    },
    "meta_learner_coef": [
      [
        4.343311896933449,
        3.404068532130637
      ]
    ],
    "meta_learner_intercept": [
      -3.750453857188501
    ],
    "MolFormer": {
      "threshold": 0.4199999999999998,
      "accuracy": 0.8559401309635173,
      "f1_macro": 0.8558340339078043,
      "mcc": 0.7119620902937817,
      "roc_auc": 0.9194258628185171
    }
  },
  "by_bin": [
    {
      "bin": "Very Low",
      "n_samples": 69,
      "auc_moldeberta": 0.6262626262626262,
      "auc_moldeberta_plus_kg": 0.712121212121212,
      "auc_molformer": 0.5353535353535352
    },
    {
      "bin": "Low",
      "n_samples": 243,
      "auc_moldeberta": 0.9441276064872572,
      "auc_moldeberta_plus_kg": 0.9541971128141151,
      "auc_molformer": 0.9017109249688112
    },
    {
      "bin": "Medium",
      "n_samples": 465,
      "auc_moldeberta": 0.9669877863162193,
      "auc_moldeberta_plus_kg": 0.9732338419274603,
      "auc_molformer": 0.903868285258195
    },
    {
      "bin": "High",
      "n_samples": 292,
      "auc_moldeberta": 0.9915841584158416,
      "auc_moldeberta_plus_kg": 0.9876787678767875,
      "auc_molformer": 0.9455445544554455
    }
  ]
}