model,threshold,accuracy,f1_macro,mcc,roc_auc
MolDeBERTa,0.4299999999999998,0.9335827876520112,0.9335434753105066,0.8675597890368455,0.9756335282651072
Pipeline_MolDeBERTa_plus_KG,0.3899999999999999,0.9326473339569691,0.9326104772111202,0.8657504975260428,0.97221521028791
