model,threshold,accuracy,f1_macro,mcc,roc_auc
MolDeBERTa,0.4099999999999998,0.93048128342246,0.9281762650771492,0.8583897570891611,0.9728244587178758
Pipeline_MolDeBERTa_plus_KG,0.5799999999999997,0.9371657754010695,0.9360454645508575,0.8725099539711951,0.9806066451834478
