{
  "coef": [
    [
      3.5582212239857745,
      2.9730533295230623
    ]
  ],
  "intercept": [
    -3.503874712967557
  ]
}