{
  "coef": [
    [
      6.142512575970063,
      0.8333920446733156
    ]
  ],
  "intercept": [
    -3.551569397675188
  ]
}