{
  "coef": [
    [
      5.882931392094868,
      1.184895562824542
    ]
  ],
  "intercept": [
    -3.677703613933906
  ]
}