{
  "coef": [
    [
      4.343311896933449,
      3.404068532130637
    ]
  ],
  "intercept": [
    -3.750453857188501
  ]
}