method,accuracy,precision,recall,f1,auc
MolDeBERTa,0.9055191768007483,0.9238683127572016,0.8752436647173489,0.8988988988988988,0.9663742690058478
MolDeBERTa x KG,0.8512628624883068,0.780952380952381,0.9590643274853801,0.8608923884514436,0.9550184413872411
MolFormer,0.883068288119738,0.8730769230769231,0.884990253411306,0.8789932236205228,0.9462710533327724
