bin,n_samples,auc_moldeberta,auc_moldeberta_plus_kg,auc_molformer
Very Low,69,0.6262626262626262,0.712121212121212,0.5353535353535352
Low,243,0.9441276064872572,0.9541971128141151,0.9017109249688112
Medium,465,0.9669877863162193,0.9732338419274603,0.903868285258195
High,292,0.9915841584158416,0.9876787678767875,0.9455445544554455
