bin,n_samples,auc_moldeberta,auc_moldeberta_plus_kg,auc_molformer
Very Low,69,0.6363636363636364,0.7626262626262627,0.5353535353535352
Low,243,0.9385136339333453,0.9304936731420423,0.9017109249688112
Medium,465,0.9716004009355161,0.9668300107658611,0.903868285258195
High,292,0.9913916391639164,0.9877337733773377,0.9455445544554455
