bin,n_samples,auc_moldeberta,auc_moldeberta_plus_kg,auc_molformer
Very Low,50,0.625,0.53125,0.6041666666666666
Low,121,0.8921794134560092,0.9169062679700978,0.847326049453709
Medium,351,0.9735976918947934,0.9794685990338164,0.8987520128824477
High,226,0.9981459264914385,0.9979278001963137,0.9693532555349548
