bin,n_samples,auc_moldeberta,auc_moldeberta_plus_kg,auc_molformer
Very Low,69,0.702020202020202,0.787878787878788,0.5353535353535352
Low,243,0.9419443949385137,0.9339689894849402,0.9017109249688112
Medium,465,0.9659576047815273,0.9597579537439209,0.903868285258195
High,292,0.9912816281628163,0.9857535753575357,0.9455445544554455
